{"count":1,"gauges":{},"self":25.988635199999997,"total":471.05465519999996,"children":{"AgentResetIfDone":{"count":18117,"self":0.1142938,"total":0.1142938,"children":null},"AgentSendState":{"count":18117,"self":0.265034,"total":0.3854531,"children":{"CollectObservations":{"count":36198,"self":0.1204191,"total":0.1204191,"children":null}}},"DecideAction":{"count":18117,"self":349.5704832,"total":442.9131589,"children":{"AgentInfo.ToProto":{"count":36198,"self":0.9881515,"total":93.3426807,"children":{"CameraSensor.GetCompressedObservation":{"count":36198,"self":92.354528,"total":92.3545292,"children":null}}}}},"AcademyStep":{"count":18117,"self":0.035510599999999996,"total":0.035510599999999996,"children":null},"AgentAct":{"count":18117,"self":1.6146117999999998,"total":1.6146117999999998,"children":null}}}