{"cameraMode":{"drawMode":0,"name":"Shaded","section":"Shading Mode"},"sceneLighting":false,"audioPlay":false,"sceneViewState":{"showFog":true,"showMaterialUpdate":true,"showSkybox":false,"showFlares":true,"showImageEffects":true,"showParticleSystems":true},"in2DMode":false,"pivot":{"x":58.88550567626953,"y":-72.1419677734375,"z":25.100950241088868},"rotation":{"x":-0.41113343834877016,"y":-0.4024546146392822,"z":0.20915549993515016,"w":-0.7908112406730652},"size":112.2894287109375,"orthographic":false}