{"cameraMode":{"drawMode":0,"name":"Shaded","section":"Shading Mode"},"sceneLighting":false,"audioPlay":false,"sceneViewState":{"showFog":true,"showMaterialUpdate":true,"showSkybox":false,"showFlares":true,"showImageEffects":true,"showParticleSystems":true},"in2DMode":false,"pivot":{"x":-1.8450475931167603,"y":-43.90824508666992,"z":58.194305419921878},"rotation":{"x":-0.34889164566993716,"y":-0.008177011273801327,"z":0.00304023246280849,"w":-0.9371345043182373},"size":118.05821990966797,"orthographic":false}