{"cameraMode":{"drawMode":0,"name":"Shaded","section":"Shading Mode"},"sceneLighting":false,"audioPlay":false,"sceneViewState":{"showFog":true,"showMaterialUpdate":true,"showSkybox":false,"showFlares":true,"showImageEffects":true,"showParticleSystems":true},"in2DMode":false,"pivot":{"x":-8.59725570678711,"y":-66.87188720703125,"z":63.311641693115237},"rotation":{"x":-0.4314866364002228,"y":0.03133977949619293,"z":-0.015066824853420258,"w":-0.9015204906463623},"size":132.8258819580078,"orthographic":false}