{"cameraMode":{"drawMode":0,"name":"Shaded","section":"Shading Mode"},"sceneLighting":true,"audioPlay":false,"sceneViewState":{"showFog":true,"showMaterialUpdate":true,"showSkybox":true,"showFlares":true,"showImageEffects":true,"showParticleSystems":true},"in2DMode":false,"pivot":{"x":6.713373184204102,"y":-311.1941223144531,"z":286.8382568359375},"rotation":{"x":0.3953920602798462,"y":0.008131188340485096,"z":-0.003380582435056567,"w":0.918504536151886},"size":470.6649475097656,"orthographic":false}