{"cameraMode":{"drawMode":0,"name":"Shaded","section":"Shading Mode"},"sceneLighting":true,"audioPlay":false,"sceneViewState":{"showFog":true,"showMaterialUpdate":true,"showSkybox":true,"showFlares":true,"showImageEffects":true,"showParticleSystems":true},"in2DMode":false,"pivot":{"x":6.755497455596924,"y":-216.33029174804688,"z":389.952880859375},"rotation":{"x":0.24871279299259187,"y":0.020777307450771333,"z":-0.0052084303461015228,"w":0.968386173248291},"size":506.73638916015627,"orthographic":false}