{"count":1,"gauges":{},"self":380.9082368,"total":417.8099069,"children":{"AgentResetIfDone":{"count":41209,"self":1.2883613,"total":1.2883613,"children":null},"AgentSendState":{"count":41209,"self":1.7778284,"total":2.5612445,"children":{"CollectObservations":{"count":49452,"self":0.783416,"total":0.783416,"children":null}}},"DecideAction":{"count":41209,"self":23.6581168,"total":29.226812799999998,"children":{"RayPerceptionSensor.Perceive":{"count":98904,"self":5.5686956,"total":5.5686956,"children":null}}},"AcademyStep":{"count":41209,"self":0.45426449999999996,"total":0.45426449999999996,"children":null},"AgentAct":{"count":41209,"self":3.369982,"total":3.369982,"children":null}}}