{"count":1,"gauges":{},"self":91.3354816,"total":92.703904999999992,"children":{"AgentResetIfDone":{"count":4609,"self":0.1144777,"total":0.1144777,"children":null},"AgentSendState":{"count":4609,"self":0.0863878,"total":0.1254556,"children":{"CollectObservations":{"count":5532,"self":0.0390678,"total":0.0390678,"children":null}}},"DecideAction":{"count":4609,"self":0.7728392,"total":0.80996309999999994,"children":{"RayPerceptionSensor.Perceive":{"count":922,"self":0.0371239,"total":0.0371239,"children":null}}},"AcademyStep":{"count":4609,"self":0.024043099999999998,"total":0.024043099999999998,"children":null},"AgentAct":{"count":4609,"self":0.2924711,"total":0.2924711,"children":null}}}